<?xml version="1.0" encoding="UTF-8" ?>
<!--
   New Perspectives on XML 3rd Edition
   Tutorial 8
   Tutorial Case

   Shipping Document for Shipment 603

   Filename:         ship603.xml

-->

<shipment shipID="Ship603">
   <shipDateTime>2017-04-03T15:14:00</shipDateTime>
   <dispatcher>Anderson, Larry</dispatcher>
   <fromStreet>411 Business Drive</fromStreet>
   <fromCity>Louisville, KY</fromCity>
   <fromState>KY</fromState>
   <fromZip>40216</fromZip>
   <toName>Ernesto Alvarez</toName>
   <toStreet>496 Rutherford Way</toStreet>
   <toCity>Cincinnati</toCity>
   <toState>OH</toState>
   <toZip>45244</toZip>
   <custID>cust4031</custID>
   <trackingNumber>113468301</trackingNumber>
   <shipType>Standard</shipType>
   <weight>8.2 lbs</weight>
   <items>
      <itemID qty="2">LL581</itemID>
      <itemID qty="3">LL180</itemID>
      <itemID qty="1">LL677</itemID>
   </items>
</shipment>
