<?xml version="1.0" encoding="UTF-8" ?>
<!--
   New Perspectives on XML 3rd Edition
   Tutorial 8
   Tutorial Case

   Shipping Document for Shipment 607

   Filename:         ship607.xml

-->

<shipment shipID="Ship607">
   <shipDateTime>2017-04-04T15:55:00</shipDateTime>
   <dispatcher>Garson, William</dispatcher>
   <fromStreet>411 Business Drive</fromStreet>
   <fromCity>Louisville, KY</fromCity>
   <fromState>KY</fromState>
   <fromZip>40216</fromZip>
   <toName>Tracy Malloy</toName>
   <toStreet>54 South Delmare Lane</toStreet>
   <toCity>Twin Brooks</toCity>
   <toState>SD</toState>
   <toZip>57269</toZip>
   <custID>cust1781</custID>
   <trackingNumber>113468601</trackingNumber>
   <shipType>Standard</shipType>
   <weight>6.8 lbs</weight>
   <items>
      <itemID qty="1">LL223</itemID>
      <itemID qty="1">LL511</itemID>
      <itemID qty="1">LL282</itemID>
   </items>
</shipment>
